use [TV]

DELETE FROM salary_report
DELETE FROM salary
DELETE FROM corr_spec
DELETE FROM corr_lang
DELETE FROM report
DELETE FROM event
DELETE FROM telephone
DELETE FROM correspondent_table
DELETE FROM operator_tel
DELETE FROM operator
DELETE FROM city
DELETE FROM country
DELETE FROM specifity
DELETE FROM language 

SET IDENTITY_INSERT country ON
INSERT INTO country (country_id, name) VALUES (1, 'Германия'), (2, 'Англия'), (3, 'США'), (4, 'Россия'), 
	(5, 'Украина'), (6, 'Белоруссия'), (7, 'Грузия'), (8, 'Япония'), (9, 'Южная Корея'), 
	(10, 'Северная Корея'), (11, 'Китай'), (12, 'Казахстан')
SET IDENTITY_INSERT country OFF

SET IDENTITY_INSERT city ON
INSERT INTO city (city_id, country_id, name) VALUES (1, 1, 'Берлин')
INSERT INTO city (city_id, country_id, name) VALUES (2, 2, 'Лондон')
INSERT INTO city (city_id, country_id, name) VALUES (3, 3, 'Нью-Йорк')
INSERT INTO city (city_id, country_id, name) VALUES (4, 3, 'Вашингтон')
INSERT INTO city (city_id, country_id, name) VALUES (5, 4, 'Москва')
INSERT INTO city (city_id, country_id, name) VALUES (6, 4, 'Санкт-Петербург')
INSERT INTO city (city_id, country_id, name) VALUES (7, 5, 'Киев')
INSERT INTO city (city_id, country_id, name) VALUES (8, 6, 'Минск')
INSERT INTO city (city_id, country_id, name) VALUES (9, 7, 'Тбилиси')
INSERT INTO city (city_id, country_id, name) VALUES (10, 8, 'Токио')
INSERT INTO city (city_id, country_id, name) VALUES (11, 9, 'Сеул')
INSERT INTO city (city_id, country_id, name) VALUES (12, 10, 'Пхеньян')
INSERT INTO city (city_id, country_id, name) VALUES (13, 11, 'Пекин')
INSERT INTO city (city_id, country_id, name) VALUES (14, 12, 'Астана')
SET IDENTITY_INSERT city OFF

SET IDENTITY_INSERT language ON
INSERT INTO language (language_id, name) VALUES (1, 'Немецкий')
INSERT INTO language (language_id, name) VALUES (2, 'Английский')
INSERT INTO language (language_id, name) VALUES (3, 'Украинский')
INSERT INTO language (language_id, name) VALUES (4, 'Русский')
INSERT INTO language (language_id, name) VALUES (5, 'Белорусский')
INSERT INTO language (language_id, name) VALUES (6, 'Грузинский')
INSERT INTO language (language_id, name) VALUES (7, 'Японский')
INSERT INTO language (language_id, name) VALUES (8, 'Корейский')
INSERT INTO language (language_id, name) VALUES (9, 'Китайский')
INSERT INTO language (language_id, name) VALUES (10, 'Армянский')
INSERT INTO language (language_id, name) VALUES (11, 'Казахский')
SET IDENTITY_INSERT language OFF

SET IDENTITY_INSERT specifity ON
INSERT INTO specifity (specifity_id, name) VALUES (1, 'Политика')
INSERT INTO specifity (specifity_id, name) VALUES (2, 'Общество')
INSERT INTO specifity (specifity_id, name) VALUES (3, 'Экономика')
INSERT INTO specifity (specifity_id, name) VALUES (4, 'Жизнь людей')
INSERT INTO specifity (specifity_id, name) VALUES (5, 'Погода')
INSERT INTO specifity (specifity_id, name) VALUES (6, 'Спорт')
INSERT INTO specifity (specifity_id, name) VALUES (7, 'Происшествия')
INSERT INTO specifity (specifity_id, name) VALUES (8, 'Праздники')
INSERT INTO specifity (specifity_id, name) VALUES (9, 'Технологии')
INSERT INTO specifity (specifity_id, name) VALUES (10, 'Наука')
INSERT INTO specifity (specifity_id, name) VALUES (11, 'Культура')
INSERT INTO specifity (specifity_id, name) VALUES (12, 'Авто')
INSERT INTO specifity (specifity_id, name) VALUES (13, 'Военные действия')
SET IDENTITY_INSERT specifity OFF

SET IDENTITY_INSERT operator ON
INSERT INTO operator (operator_id, name, status, location_id) VALUES (1, 'Жерар Чехов', 'болеет', 5)
INSERT INTO operator (operator_id, name, status, location_id) VALUES (2, 'Михаил Ньютон', 'активный', 2)
INSERT INTO operator (operator_id, name, status, location_id) VALUES (3, 'Павел Ливнёвый', 'активный', 7)
INSERT INTO operator (operator_id, name, status, location_id) VALUES (4, 'Александр Мочалка', 'активный', 5)
INSERT INTO operator (operator_id, name, status, location_id) VALUES (5, 'Виктор Фридман', 'активный', 6)
INSERT INTO operator (operator_id, name, status, location_id) VALUES (6, 'Роман Нехочуйлов', 'болеет', 1)
INSERT INTO operator (operator_id, name, status, location_id) VALUES (7, 'Мария Дьявольская', 'отпуск', 9)
INSERT INTO operator (operator_id, name, status, location_id) VALUES (8, 'Марк Турдефрансов', 'активный', 10)
INSERT INTO operator (operator_id, name, status, location_id) VALUES (9, 'Никита Аверьянов', 'активный', 5)
INSERT INTO operator (operator_id, name, status, location_id) VALUES (10, 'Анна Порогова', 'активный', 6)
SET IDENTITY_INSERT operator OFF

INSERT INTO operator_tel (operator_id, telephone, type) VALUES (1,'+79182939853','рабочий')
INSERT INTO operator_tel (operator_id, telephone, type) VALUES (2,'+67388363311','рабочий')
INSERT INTO operator_tel (operator_id, telephone, type) VALUES (3,'+15638824821','рабочий')
INSERT INTO operator_tel (operator_id, telephone, type) VALUES (4,'+01122613230','рабочий')
INSERT INTO operator_tel (operator_id, telephone, type) VALUES (5,'+71656352998','рабочий')
INSERT INTO operator_tel (operator_id, telephone, type) VALUES (6,'+09382378827','рабочий')
INSERT INTO operator_tel (operator_id, telephone, type) VALUES (7,'+76736277175','рабочий')
INSERT INTO operator_tel (operator_id, telephone, type) VALUES (8,'+91874762874','рабочий')
INSERT INTO operator_tel (operator_id, telephone, type) VALUES (9,'+73452520922','рабочий')
INSERT INTO operator_tel (operator_id, telephone, type) VALUES (10,'+7890109930','рабочий')

SET IDENTITY_INSERT correspondent_table ON
INSERT INTO correspondent_table (correspondent_id, last_name, first_name, middle_name, birthdate, hire_date, home_address, homecity_id, location_id, email, status) 
	VALUES (1, 'Махно', 'Мефодий', 'Кирович', '19/04/1985', '27/02/2018', 'г.Москва', 5, 6, 'mahno@corp.com', 'активный')
INSERT INTO correspondent_table (correspondent_id, last_name, first_name, middle_name, birthdate, hire_date, home_address, homecity_id, location_id, email, status) 
	VALUES (2, 'Афанасьев', 'Павел', 'Андреевич', '29/05/1990', '25/05/2017', 'г.Москва', 6, 6, 'afan@corp.com', 'болеет')
INSERT INTO correspondent_table (correspondent_id, last_name, first_name, middle_name, birthdate, hire_date, home_address, homecity_id, location_id, email, status) 
	VALUES (3, 'Трекин', 'Владимир', 'Арович', '01/01/1998', '21/12/2016', 'г.Москва', 7, 7, 'trek@corp.com', 'активный')
INSERT INTO correspondent_table (correspondent_id, last_name, first_name, middle_name, birthdate, hire_date, home_address, homecity_id, location_id, email, status) 
	VALUES (4, 'Никотинов', 'Николай', 'Николаевич', '10/02/1995', '27/04/2017', 'г.Москва', 1, 1, 'nik@corp.com', 'отпуск')
INSERT INTO correspondent_table (correspondent_id, last_name, first_name, middle_name, birthdate, hire_date, home_address, homecity_id, location_id, email, status) 
	VALUES (5, 'Мечёв', 'Мирас', 'Петрович', '14/09/1973', '02/02/2017', 'г.Москва', 5, 6, 'mech@corp.com', 'активный')
INSERT INTO correspondent_table (correspondent_id, last_name, first_name, middle_name, birthdate, hire_date, home_address, homecity_id, location_id, email, status) 
	VALUES (6, 'Шуркин', 'Пунц', 'Артёмович', '19/10/1981', '11/06/2016', 'г.Москва', 10, 9, 'shurk@corp.com', 'активный')
INSERT INTO correspondent_table (correspondent_id, last_name, first_name, middle_name, birthdate, hire_date, home_address, homecity_id, location_id, email, status) 
	VALUES (7, 'Неработова', 'Луиза', 'Павловна', '01/12/1997', '19/05/2018', 'г.Москва', 5, 5, 'nerab@corp.com', 'отпуск')
INSERT INTO correspondent_table (correspondent_id, last_name, first_name, middle_name, birthdate, hire_date, home_address, homecity_id, location_id, email, status) 
	VALUES (8, 'Стульчак', 'Фёдор', 'Рустемович', '06/04/1989', '17/10/2018', 'г.Москва', 5, 5, 'stul@corp.com', 'активный')
INSERT INTO correspondent_table (correspondent_id, last_name, first_name, middle_name, birthdate, hire_date, home_address, homecity_id, location_id, email, status) 
	VALUES (9, 'Шпренсон', 'Уран', 'Майклович', '11/06/1978', '02/01/2018', 'г.Москва', 2, 2, 'shprens@corp.com', 'активный')
INSERT INTO correspondent_table (correspondent_id, last_name, first_name, middle_name, birthdate, hire_date, home_address, homecity_id, location_id, email, status) 
	VALUES (10, 'Шульга', 'Кристина', 'Ивановна', '20/08/1976', '08/03/2017', 'г.Москва', 6, 6, 'shul@corp.com', 'болеет')
SET IDENTITY_INSERT correspondent_table OFF


INSERT INTO salary (correspondent_id, salary_value, danger_award) VALUES (1, 20000, 0)
INSERT INTO salary (correspondent_id, salary_value, danger_award) VALUES (2, 20000, 0)
INSERT INTO salary (correspondent_id, salary_value, danger_award) VALUES (3, 20000, 0)
INSERT INTO salary (correspondent_id, salary_value, danger_award) VALUES (4, 20000, 0)
INSERT INTO salary (correspondent_id, salary_value, danger_award) VALUES (5, 20000, 0)
INSERT INTO salary (correspondent_id, salary_value, danger_award) VALUES (6, 20000, 0)
INSERT INTO salary (correspondent_id, salary_value, danger_award) VALUES (7, 20000, 0)
INSERT INTO salary (correspondent_id, salary_value, danger_award) VALUES (8, 20000, 0)
INSERT INTO salary (correspondent_id, salary_value, danger_award) VALUES (9, 20000, 0)
INSERT INTO salary (correspondent_id, salary_value, danger_award) VALUES (10, 20000, 0)


INSERT INTO corr_lang (correspondent_id, language_id) VALUES (1,4)
INSERT INTO corr_lang (correspondent_id, language_id) VALUES (1,5)
INSERT INTO corr_lang (correspondent_id, language_id) VALUES (2,4)
INSERT INTO corr_lang (correspondent_id, language_id) VALUES (2,1)
INSERT INTO corr_lang (correspondent_id, language_id) VALUES (3,4)
INSERT INTO corr_lang (correspondent_id, language_id) VALUES (4,4)
INSERT INTO corr_lang (correspondent_id, language_id) VALUES (4,2)
INSERT INTO corr_lang (correspondent_id, language_id) VALUES (4,3)
INSERT INTO corr_lang (correspondent_id, language_id) VALUES (5,4)
INSERT INTO corr_lang (correspondent_id, language_id) VALUES (6,4)
INSERT INTO corr_lang (correspondent_id, language_id) VALUES (7,4)
INSERT INTO corr_lang (correspondent_id, language_id) VALUES (7,6)
INSERT INTO corr_lang (correspondent_id, language_id) VALUES (7,7)
INSERT INTO corr_lang (correspondent_id, language_id) VALUES (7,8)
INSERT INTO corr_lang (correspondent_id, language_id) VALUES (8,4)
INSERT INTO corr_lang (correspondent_id, language_id) VALUES (8,9)
INSERT INTO corr_lang (correspondent_id, language_id) VALUES (9,10)
INSERT INTO corr_lang (correspondent_id, language_id) VALUES (10,3)
INSERT INTO corr_lang (correspondent_id, language_id) VALUES (10,6)
INSERT INTO corr_lang (correspondent_id, language_id) VALUES (10,8)

INSERT INTO corr_spec (correspondent_id, specifity_id) VALUES (1,7)
INSERT INTO corr_spec (correspondent_id, specifity_id) VALUES (1,1)
INSERT INTO corr_spec (correspondent_id, specifity_id) VALUES (2,1)
INSERT INTO corr_spec (correspondent_id, specifity_id) VALUES (3,9)
INSERT INTO corr_spec (correspondent_id, specifity_id) VALUES (4,2)
INSERT INTO corr_spec (correspondent_id, specifity_id) VALUES (4,9)
INSERT INTO corr_spec (correspondent_id, specifity_id) VALUES (5,1)
INSERT INTO corr_spec (correspondent_id, specifity_id) VALUES (5,8)
INSERT INTO corr_spec (correspondent_id, specifity_id) VALUES (5,6)
INSERT INTO corr_spec (correspondent_id, specifity_id) VALUES (6,5)
INSERT INTO corr_spec (correspondent_id, specifity_id) VALUES (7,5)
INSERT INTO corr_spec (correspondent_id, specifity_id) VALUES (7,7)
INSERT INTO corr_spec (correspondent_id, specifity_id) VALUES (7,10)
INSERT INTO corr_spec (correspondent_id, specifity_id) VALUES (8,1)
INSERT INTO corr_spec (correspondent_id, specifity_id) VALUES (8,2)
INSERT INTO corr_spec (correspondent_id, specifity_id) VALUES (8,4)
INSERT INTO corr_spec (correspondent_id, specifity_id) VALUES (9,2)
INSERT INTO corr_spec (correspondent_id, specifity_id) VALUES (10,2)
INSERT INTO corr_spec (correspondent_id, specifity_id) VALUES (10,7)
INSERT INTO corr_spec (correspondent_id, specifity_id) VALUES (10,10)

INSERT INTO telephone (correspondent_id, telephone, type) VALUES (1,'+75559871221','рабочий')
INSERT INTO telephone (correspondent_id, telephone, type) VALUES (2,'+78921229127','рабочий')
INSERT INTO telephone (correspondent_id, telephone, type) VALUES (2,'+70342001987','домашний')
INSERT INTO telephone (correspondent_id, telephone, type) VALUES (3,'+79081791681','рабочий')
INSERT INTO telephone (correspondent_id, telephone, type) VALUES (3,'+79999991123','домашний')
INSERT INTO telephone (correspondent_id, telephone, type) VALUES (4,'+78124325566','рабочий')
INSERT INTO telephone (correspondent_id, telephone, type) VALUES (5,'+72410935732','рабочий')
INSERT INTO telephone (correspondent_id, telephone, type) VALUES (6,'+75219982441','рабочий')
INSERT INTO telephone (correspondent_id, telephone, type) VALUES (7,'+01246173678','рабочий')
INSERT INTO telephone (correspondent_id, telephone, type) VALUES (8,'+62764691888','рабочий')
INSERT INTO telephone (correspondent_id, telephone, type) VALUES (9,'+80192735520','рабочий')
INSERT INTO telephone (correspondent_id, telephone, type) VALUES (10,'+78222216587','рабочий')

SET IDENTITY_INSERT event ON
INSERT INTO event (event_id, name, date, city_id, danger, place, specifity_id) 
	VALUES (1, 'Запус электронного дневника', '20/09/2018', 6, 0, 'ЦДЮТ', 2)
INSERT INTO event (event_id, name, date, city_id, danger, place, specifity_id) 
	VALUES (2, 'Визит пришельцев?', '02/05/2017', 2, 2, 'Поле', 7)
INSERT INTO event (event_id, name, date, city_id, danger, place, specifity_id) 
	VALUES (3, 'Инцидент на буровой', '25/09/2016', 7, 1, 'Предприятие', 7)
INSERT INTO event (event_id, name, date, city_id, danger, place, specifity_id) 
	VALUES (4, 'Новый год', '31/12/2017', 5, 0, 'Школа', 8)
INSERT INTO event (event_id, name, date, city_id, danger, place, specifity_id) 
	VALUES (5, 'Странное поведение водителя', '05/09/2018', 6, 1, 'Дорога', 11)
INSERT INTO event (event_id, name, date, city_id, danger, place, specifity_id) 
	VALUES (6, 'Погодные аномалии', '08/06/2016', 5, 1, 'Пляж', 5)
INSERT INTO event (event_id, name, date, city_id, danger, place, specifity_id)
	VALUES (7, 'Усиление загадочного излучения', '22/11/2018', 11, 2, 'Лес', 10)
INSERT INTO event (event_id, name, date, city_id, danger, place, specifity_id)
	VALUES (8, 'Драка в общежитии', '16/12/2017', 5, 1, 'Общежитие', 4)
INSERT INTO event (event_id, name, date, city_id, danger, place, specifity_id) 
	VALUES (9, 'Новые санкции', '26/04/2018', 2, 0, 'Посольство', 1)
INSERT INTO event (event_id, name, date, city_id, danger, place, specifity_id) 
	VALUES (10, 'Канцлер Германии призвала Россию сотрудничать', '13/10/2017', 1, 0, 'Проспект', 1)
INSERT INTO event (event_id, name, date, city_id, danger, place, specifity_id)
	VALUES (11, 'Молодой человек застрял в холодильнике, пытаясь удивить девушку', '16/05/2018', 5, 0, 'Дом', 7)
INSERT INTO event (event_id, name, date, city_id, danger, place, specifity_id)
	VALUES (12, 'Удар по базе террористов', '17/09/2018', 7, 3, 'Военный лагерь', 13)
INSERT INTO event (event_id, name, date, city_id, danger, place, specifity_id)
	VALUES (13, 'Новый приют для животных', '19/11/2018', 5, 0, 'Приют', 2)
SET IDENTITY_INSERT event OFF

INSERT INTO report (correspondent_id, operator_id, event_id, duration, quality, date, newscast_time, is_video, rating)
	VALUES (1,2,3,133, 2,'26/09/2016','16:30',1,4)
INSERT INTO report (correspondent_id, operator_id, event_id, duration, quality, date, newscast_time, is_video, rating)
	VALUES (1,4,4,120,1,'31/12/2017','10:30',1,4)
INSERT INTO report (correspondent_id, operator_id, event_id, duration, quality, date, newscast_time, is_video, rating)
	VALUES (2,1,1,193,3,'21/09/2018','18:00',1,2)
INSERT INTO report (correspondent_id, operator_id, event_id, duration, quality, date, newscast_time, is_video, rating)
	VALUES (2,1,6,255,2,'08/06/2016','11:30',1,3)
INSERT INTO report (correspondent_id, operator_id, event_id, duration, quality, date, newscast_time, is_video, rating)
	VALUES (3,7,3,149,2,'28/09/2016','17:00',0,1)
INSERT INTO report (correspondent_id, operator_id, event_id, duration, quality, date, newscast_time, is_video, rating)
	VALUES (4,4,1,131,1,'21/09/2018','16:40',1,3)
INSERT INTO report (correspondent_id, operator_id, event_id, duration, quality, date, newscast_time, is_video, rating)
	VALUES (4,2,6,188,3,'10/06/2016','21:30',0,5)
INSERT INTO report (correspondent_id, operator_id, event_id, duration, quality, date, newscast_time, is_video, rating)
	VALUES (4,10,5,79,2,'10/09/2018','22:00',1,4)
INSERT INTO report (correspondent_id, operator_id, event_id, duration, quality, date, newscast_time, is_video, rating)
	VALUES (5,10,4,246,2,'31/12/2017','18:45',1,4)
INSERT INTO report (correspondent_id, operator_id, event_id, duration, quality, date, newscast_time, is_video, rating)
	VALUES (6,8,2,303,3,'02/05/2017','19:30',0,4)
INSERT INTO report (correspondent_id, operator_id, event_id, duration, quality, date, newscast_time, is_video, rating)
	VALUES (6,3,7,194,3,'22/11/2018','20:30',1,3)
INSERT INTO report (correspondent_id, operator_id, event_id, duration, quality, date, newscast_time, is_video, rating)
	VALUES (7,2,8,77,2,'17/12/2017','16:30',1,2)
INSERT INTO report (correspondent_id, operator_id, event_id, duration, quality, date, newscast_time, is_video, rating)
	VALUES (7,2,10,310,1,'16/10/2017','16:30',1,4)
INSERT INTO report (correspondent_id, operator_id, event_id, duration, quality, date, newscast_time, is_video, rating)
	VALUES (8,3,10,121,2,'17/10/2017','16:30',1,2)
INSERT INTO report (correspondent_id, operator_id, event_id, duration, quality, date, newscast_time, is_video, rating)
	VALUES (10,9,9,240,1,'28/04/2018','20:30',0,4)
INSERT INTO report (correspondent_id, operator_id, event_id, duration, quality, date, newscast_time, is_video, rating)
	VALUES (9,9,1,297,2,'23/09/2018','16:30',1,3)
INSERT INTO report (correspondent_id, operator_id, event_id, duration, quality, date, newscast_time, is_video, rating)
	VALUES (9,4,2,319,3,'02/05/2017','17:00',1,4)
INSERT INTO report (correspondent_id, operator_id, event_id, duration, quality, date, newscast_time, is_video, rating)
	VALUES (10,6,6,205,3,'10/06/2016','16:30',1,1)
INSERT INTO report (correspondent_id, operator_id, event_id, duration, quality, date, newscast_time, is_video, rating)
	VALUES (10,1,7,135,2,'22/11/2018','16:30',1,4)
INSERT INTO report (correspondent_id, operator_id, event_id, duration, quality, date, newscast_time, is_video, rating)
	VALUES (10,1,8,88,2,'17/12/2017','16:30',1,4)
INSERT INTO report (correspondent_id, operator_id, event_id, duration, quality, date, newscast_time, is_video, rating)
	VALUES (8,2,11,190,3,'18/05/2018','19:30',1,5)
INSERT INTO report (correspondent_id, operator_id, event_id, duration, quality, date, newscast_time, is_video, rating)
	VALUES (8,2,9,111,2,'01/05/2018','20:30',1,3)
INSERT INTO report (correspondent_id, operator_id, event_id, duration, quality, date, newscast_time, is_video, rating)
	VALUES (1,5,13,237,2,'22/11/2018','20:30',1,4)


/* TOP INSERTY */

INSERT INTO event (name, date, city_id, danger, place, specifity_id) 
	VALUES ('Утилизация опасных отходов в блоке 1', '15/11/2018', 6, 3, 'Тепловой реактор', 7)
INSERT INTO event (name, date, city_id, danger, place, specifity_id) 
	VALUES ('Утилизация опасных отходов в блоке 2', '16/11/2018', 6, 3, 'Тепловой реактор', 7)
INSERT INTO event (name, date, city_id, danger, place, specifity_id) 
	VALUES ('Утилизация опасных отходов в блоке 3', '17/11/2018', 6, 3, 'Тепловой реактор', 7)
INSERT INTO event (name, date, city_id, danger, place, specifity_id) 
	VALUES ('Утилизация опасных отходов в блоке 4', '18/11/2018', 6, 3, 'Тепловой реактор', 7)
INSERT INTO event (name, date, city_id, danger, place, specifity_id) 
	VALUES ('Утилизация опасных отходов в блоке 5', '19/11/2018', 6, 3, 'Тепловой реактор', 7)
INSERT INTO event (name, date, city_id, danger, place, specifity_id) 
	VALUES ('Утилизация опасных отходов в блоке 6', '20/11/2018', 6, 3, 'Тепловой реактор', 7)
INSERT INTO event (name, date, city_id, danger, place, specifity_id) 
	VALUES ('Утилизация опасных отходов в блоке 7', '21/11/2018', 6, 3, 'Тепловой реактор', 7)
INSERT INTO event (name, date, city_id, danger, place, specifity_id) 
	VALUES ('Утилизация опасных отходов в блоке 8', '22/11/2018', 6, 3, 'Тепловой реактор', 7)
INSERT INTO event (name, date, city_id, danger, place, specifity_id) 
	VALUES ('Утилизация опасных отходов в блоке 9', '23/11/2018', 6, 3, 'Тепловой реактор', 7)
INSERT INTO event (name, date, city_id, danger, place, specifity_id) 
	VALUES ('Утилизация опасных отходов в блоке 10', '24/11/2018', 6, 3, 'Тепловой реактор', 7)
	INSERT INTO event (name, date, city_id, danger, place, specifity_id) 
	VALUES ('Утилизация опасных отходов в блоке 11', '25/11/2018', 6, 3, 'Тепловой реактор', 7)
INSERT INTO event (name, date, city_id, danger, place, specifity_id) 
	VALUES ('Утилизация опасных отходов в блоке 12', '26/11/2018', 6, 3, 'Тепловой реактор', 7)
	INSERT INTO event (name, date, city_id, danger, place, specifity_id) 
	VALUES ('Утилизация опасных отходов в блоке 13', '20/11/2018', 6, 3, 'Тепловой реактор', 7)
INSERT INTO event (name, date, city_id, danger, place, specifity_id) 
	VALUES ('Утилизация опасных отходов в блоке 14', '20/11/2018', 6, 3, 'Тепловой реактор', 7)
INSERT INTO event (name, date, city_id, danger, place, specifity_id) 
	VALUES ('Утилизация опасных отходов в блоке 15', '20/11/2018', 6, 3, 'Тепловой реактор', 7)
INSERT INTO event (name, date, city_id, danger, place, specifity_id) 
	VALUES ('Утилизация опасных отходов в блоке 16', '20/11/2018', 6, 3, 'Тепловой реактор', 7)
INSERT INTO event (name, date, city_id, danger, place, specifity_id) 
	VALUES ('Утилизация опасных отходов в блоке 17', '20/11/2018', 6, 3, 'Тепловой реактор', 7)
INSERT INTO event (name, date, city_id, danger, place, specifity_id) 
	VALUES ('Утилизация опасных отходов в блоке 18', '20/11/2018', 6, 3, 'Тепловой реактор', 7)


INSERT INTO event (name, date, city_id, danger, place, specifity_id) 
	VALUES ('Грибной сезон в самом разгаре', '10/10/2018', 5, 0, 'Лес', 5)
INSERT INTO event (name, date, city_id, danger, place, specifity_id) 
	VALUES ('Солнце продолжает греть', '11/10/2018', 5, 0, 'Пригород', 5)
INSERT INTO event (name, date, city_id, danger, place, specifity_id) 
	VALUES ('Крупная памп-вечеринка', '12/10/2018', 5, 0, 'Клуб', 11)
INSERT INTO event (name, date, city_id, danger, place, specifity_id) 
	VALUES ('Некрасивая осень', '13/10/2018', 5, 0, 'Пригород', 5)
INSERT INTO event (name, date, city_id, danger, place, specifity_id) 
	VALUES ('Прорвало подвал', '14/10/2018', 6, 1, 'Дом', 7)
INSERT INTO event (name, date, city_id, danger, place, specifity_id) 
	VALUES ('Предложение на миллион', '15/10/2018', 6, 0, 'Дом', 4)
INSERT INTO event (name, date, city_id, danger, place, specifity_id) 
	VALUES ('Концерт в поддержку рок-клуба', '15/10/2018', 6, 1, 'Клуб', 11)
INSERT INTO event (name, date, city_id, danger, place, specifity_id) 
	VALUES ('"Камчатку" снова закрывают', '17/10/2018', 6, 0, 'Котельная в женском общежитии', 11)
INSERT INTO event (name, date, city_id, danger, place, specifity_id) 
	VALUES ('Заложен камень на возведение второго небоскрёба', '14/10/2018', 6, 0, 'Площадь', 2)
INSERT INTO event (name, date, city_id, danger, place, specifity_id) 
	VALUES ('Последний фильм непопулярного режиссёра', '20/10/2018', 6, 0, 'Квартира', 11)

